thread name, total move,alive_time,total food count , total poison count , total children count, dna,gendar,genaration_no,start_time,end_time
Thread-88, 49, 14995528381,0, 0, 0, GCGTGGTCGC,male,2,100884405631997,100899401160378
Thread-60, 95, 29511518325,0, 1, 0, CCTAGTAATG,female,1,100870791552636,100900303070961
Thread-24, 100, 30734177919,0, 0, 0, TTAGAATTAT,female,1,100870788684058,100901522861977
Thread-38, 100, 30933774021,0, 0, 0, TGTTTTCGAC,female,1,100870789953148,100901723727169
Thread-43, 100, 30933800469,0, 0, 0, CGGGCGATCT,male,1,100870790318283,100901724118752
Thread-30, 100, 30935301666,0, 0, 0, CTCCGATAAC,male,1,100870789076035,100901724377701
Thread-42, 100, 30934315210,0, 0, 0, TGTGCAACAT,male,1,100870790200650,100901724515860
Thread-25, 100, 30936436939,0, 0, 0, ATATAGCTGC,male,1,100870788744848,100901725181787
Thread-34, 100, 31016371460,0, 0, 0, CAAGTGTGTA,female,1,100870789651961,100901806023421
Thread-15, 100, 31017950421,0, 0, 0, GAGGGATCCC,male,1,100870788101421,100901806051842
Thread-36, 100, 31031985808,0, 0, 0, AGCAGTAGGA,male,1,100870789827226,100901821813034
Thread-78, 100, 31029281047,0, 0, 0, TCCGGGTTCG,female,1,100870792771594,100901822052641
Thread-70, 100, 31029979343,0, 0, 0, CCAGCCTCCT,male,1,100870792211852,100901822191195
Thread-77, 100, 31029695525,0, 0, 0, GGCTAGCCGT,male,1,100870792701725,100901822397250
Thread-80, 100, 31030410005,0, 0, 0, CAGCGTTCGA,male,1,100870792894753,100901823304758
Thread-27, 100, 31034647148,0, 0, 0, TAAGCGCGGC,male,1,100870788874717,100901823521865
Thread-67, 100, 31031709490,0, 0, 0, CACGGTGGTT,male,1,100870792025140,100901823734630
Thread-40, 100, 31033811877,0, 0, 0, GAATGCCTCT,female,1,100870790075517,100901823887394
Thread-10, 100, 31036247820,0, 0, 0, TCCACGTTGG,male,1,100870787772602,100901824020422
Thread-61, 100, 31032641078,0, 0, 0, ACGGGCCATG,male,1,100870791635136,100901824276214
Thread-23, 100, 31035885842,0, 0, 0, TTATGCTACC,male,1,100870788621689,100901824507531
Thread-7, 100, 31037082301,0, 0, 0, AAGTGAATGT,male,1,100870787573258,100901824655559
Thread-6, 100, 31037458094,0, 0, 0, TAGGAGCTAA,female,1,100870787500231,100901824958325
Thread-39, 100, 31035107415,0, 0, 0, AAGGTGGAGG,male,1,100870790012359,100901825119774
Thread-13, 100, 31037294671,0, 0, 0, CCTTTGTTGT,male,1,100870787975499,100901825270170
Thread-47, 100, 31171309010,0, 0, 0, GTTTTTCCTC,male,1,100870790698418,100901962007428
Thread-51, 100, 31171075719,0, 0, 0, GTAACCGTGC,female,1,100870790978288,100901962054007
Thread-52, 100, 31242783456,0, 0, 0, CTCATGTTAC,female,1,100870791048552,100902033832008
Thread-65, 100, 31242235951,0, 0, 0, TCTCTTAGCC,female,1,100870791898428,100902034134379
Thread-49, 100, 31243546489,0, 0, 0, CGTTATTGTC,female,1,100870790831840,100902034378329
Thread-16, 100, 31246771123,0, 0, 0, TGCTCAAAAC,female,1,100870788172869,100902034943992
Thread-89, 49, 15039495743,0, 0, 0, CCAGCCTCGT,female,2,100887626271310,100902665767053
Thread-90, 49, 14953451037,0, 0, 0, GGGGAGTCTG,female,2,100888662890186,100903616341223
Thread-86, 69, 22933889680,1, 0, 1, GTACGCTGCG,female,3,100881301940030,100904235829710
Thread-94, 49, 15115092462,0, 0, 0, ACTATTTTAC,female,2,100892424029659,100907539122121
Thread-35, 120, 36948911918,1, 0, 0, GCTTTTGAAT,male,1,100870789715514,100907738627432
Thread-46, 120, 37049262408,1, 0, 0, GACTGACTTA,male,1,100870790622233,100907839884641
Thread-63, 120, 37048715298,1, 0, 0, GTTAATCACA,male,1,100870791771322,100907840486620
Thread-11, 120, 37052922046,1, 0, 0, AAGCCCTTTG,male,1,100870787846813,100907840768859
Thread-22, 120, 37052558885,1, 0, 0, AGTCATCTAA,male,1,100870788561688,100907841120573
Thread-82, 120, 37048282662,1, 0, 0, AAGGGAGCAC,male,1,100870793060544,100907841343206
Thread-9, 120, 37053795606,1, 0, 0, TATCGAATCA,male,1,100870787709049,100907841504655
Thread-71, 120, 37049523332,1, 0, 0, AAGGCTTCCT,male,1,100870792280931,100907841804263
Thread-5, 120, 37055210355,1, 0, 0, GAAGCCACCT,male,1,100870787423652,100907842634007
Thread-75, 120, 37050396102,1, 0, 0, TAAGGGCTCC,female,1,100870792529618,100907842925720
Thread-69, 120, 37050939265,1, 0, 0, CTCAGTAGAG,male,1,100870792150272,100907843089537
Thread-76, 120, 37050711894,1, 0, 0, GAAGATCTAC,male,1,100870792595145,100907843307039
Thread-19, 120, 37055592463,1, 0, 0, TAGCTGATAC,male,1,100870788366292,100907843958755
Thread-95, 49, 14915770705,0, 0, 0, CGCCTCCTAC,male,2,100894132046953,100909047817658
Thread-18, 120, 39058407751,1, 0, 1, GTATTGGGGA,male,2,100870788298002,100909846705753
Thread-83, 120, 39054143372,1, 0, 1, AAGGGTTGGT,female,2,100870793124886,100909847268258
Thread-57, 120, 39173676268,1, 0, 1, ATCTGGTTAC,female,2,100870791369081,100909965045349
Thread-32, 120, 39176483661,1, 0, 1, CCAGCTAGGT,female,2,100870789520512,100909966004173
Thread-31, 120, 39177086035,1, 0, 1, CCGCTTTTTG,female,2,100870789400511,100909966486546
Thread-97, 49, 14966034964,0, 0, 0, TCTGTTTTTA,female,2,100896199094386,100911165129350
Thread-14, 120, 41124981102,1, 0, 2, AATGACGTGA,male,3,100870788040631,100911913021733
Thread-81, 120, 41135663959,1, 0, 2, CCAATTGACT,female,3,100870792957122,100911928621081
Thread-98, 49, 14949481528,0, 0, 0, CCGGGCCATG,male,3,100897417353416,100912366834944
Thread-87, 89, 31110143603,2, 0, 2, GGGGAGTGAG,female,4,100882319922425,100913430066028
Thread-41, 140, 43010820227,2, 0, 0, CACAAAACTC,male,1,100870790138676,100913800958903
Thread-55, 140, 43108293850,2, 0, 0, AGAACTATGG,male,1,100870791241580,100913899535430
Thread-45, 140, 43109330832,2, 0, 0, CCGCAGGGGC,male,1,100870790548416,100913899879248
Thread-74, 140, 43107967400,2, 0, 0, GCTATTCTCT,male,1,100870792468038,100913900435438
Thread-59, 140, 43109322148,2, 0, 0, TAGTATTCAG,female,1,100870791491056,100913900813204
Thread-8, 140, 43113602712,2, 0, 0, CACTATGATG,female,1,100870787641154,100913901243866
Thread-100, 49, 14814971790,0, 0, 0, AATGATCCGC,female,2,100899400933402,100914215905192
Thread-103, 49, 14824409242,0, 0, 0, CTTGGTGACT,male,3,100900607605224,100915432014466
Thread-33, 140, 45060700798,2, 0, 1, TGGTTTCCCC,male,2,100870789589592,100915850290390
Thread-26, 140, 45160943524,2, 0, 1, GCAGATCTCG,male,2,100870788810375,100915949753899
Thread-105, 49, 14835166310,0, 0, 0, GGGTTTCCCC,female,3,100901212175686,100916047341996
Thread-108, 49, 14830200477,0, 0, 0, GGGGAGTGTC,male,4,100901723534141,100916553734618
Thread-112, 49, 14821961062,0, 0, 0, AAGGGTTGAA,male,2,100902429051150,100917251012212
Thread-96, 69, 23021829929,1, 0, 1, GACGGTCTCG,female,3,100894432312100,100917454142029
Thread-91, 89, 29005977948,2, 0, 1, GTAAAGTGAG,male,4,100888665065994,100917671043942
Thread-66, 140, 47062150285,2, 0, 2, GCTTTGTCGC,male,3,100870791963560,100917854113845
Thread-21, 140, 47162991437,2, 0, 2, GGATGTTTAC,male,3,100870788499714,100917951491151
Thread-72, 140, 47159398905,2, 0, 2, GTTCGCTGCG,female,3,100870792347643,100917951746548
Thread-114, 49, 14820263284,0, 0, 0, CTCTAGAGGT,male,2,100903330707915,100918150971199
Thread-85, 129, 39345033436,4, 0, 0, TGGTTTCCCC,female,2,100879142683626,100918487717062
Thread-115, 49, 14863685114,0, 0, 0, TTTCAGTGAG,male,4,100903887960459,100918751645573
Thread-92, 69, 27060023424,1, 0, 3, CCAGGTGACT,male,5,100891692176759,100918752200183
Thread-116, 49, 14768208088,0, 0, 0, GTTTTTGAAT,female,3,100904104241445,100918872449533
Thread-118, 49, 14828031773,0, 0, 0, GAGTGTTTAC,female,3,100904425447566,100919253479339
Thread-99, 69, 21032596077,1, 0, 0, GTACTCTGCG,male,3,100898322307841,100919354903918
Thread-121, 49, 14818610506,0, 0, 0, CCAGGTGAAT,male,4,100905037164801,100919855775307
Thread-50, 160, 49160562994,3, 0, 0, TTTCAGGGTC,female,1,100870790898551,100919951461545
Thread-17, 160, 49163249597,3, 0, 0, CATGCGGGCC,female,1,100870788236027,100919951485624
Thread-20, 160, 49164024078,3, 0, 0, GACCGCGTGC,female,1,100870788434976,100919952459054
Thread-48, 160, 49162013271,3, 0, 0, TGTTCTCTAA,female,1,100870790768681,100919952781952
Thread-62, 160, 49161288922,3, 0, 0, TCATCGTGTC,female,1,100870791696716,100919952985638
Thread-64, 160, 49161380107,3, 0, 0, ACTTCTATAT,female,1,100870791832901,100919953213008
Thread-4, 160, 49167182000,3, 0, 0, AGCAGTGTGG,male,1,100870786663777,100919953845777
Thread-68, 140, 49162056692,2, 0, 3, GGGGAGTCTG,male,4,100870792089482,100919954146174
Thread-37, 160, 49164411318,3, 0, 0, GATGCAGGAG,male,1,100870789891568,100919954302886
Thread-122, 49, 14832429180,0, 0, 0, GAGTTGGGGA,female,2,100905140502291,100919972931471
Thread-12, 160, 49186266906,3, 0, 0, TGTAACGTTG,male,1,100870787912340,100919974179246
Thread-53, 160, 49463658035,3, 0, 0, AATAGTTACT,male,1,100870791110132,100920254768167
Thread-56, 160, 49481900959,3, 0, 0, CGAGCAACAG,female,1,100870791308686,100920273209645
Thread-102, 69, 21002803051,1, 0, 0, GCTGATCCGC,male,4,100900487478244,100921490281295
Thread-73, 160, 50962975726,3, 0, 1, TGTAGGATAG,male,2,100870792407643,100921755383369
Thread-104, 69, 20847582867,1, 0, 0, GAGCTGATAC,female,2,100900908288796,100921755871663
Thread-44, 160, 51085637334,3, 0, 1, TGCTTCGGCG,female,2,100870790381836,100921876019170
Thread-29, 160, 51167384896,3, 0, 1, CTCTAGACGG,female,2,100870789014061,100921956398957
Thread-54, 160, 51432606577,3, 0, 1, CCCCCAGCAA,female,2,100870791180790,100922223787367
Thread-106, 69, 20884855432,1, 0, 0, GTAATTGACT,female,3,100901407411091,100922292266523
Thread-110, 69, 20982846164,1, 0, 0, GGGGTGTCGG,female,3,100902033486611,100923016332775
Thread-126, 49, 14875567982,0, 0, 0, GAAGATACAC,male,5,100908141230192,100923016798174
Thread-93, 89, 31233277714,2, 0, 2, GCTTTTCCGC,female,5,100892123577010,100923356854724
Thread-128, 49, 14813919412,0, 0, 0, TGGTCACCGC,female,5,100909045873957,100923859793369
Thread-127, 49, 14815749034,0, 0, 0, CCACCAGCAA,female,2,100909044306837,100923860055871
Thread-58, 160, 53302735038,3, 0, 2, TCTGTTAACA,female,3,100870791429871,100924094164909
Thread-109, 69, 22871144521,1, 0, 1, GAAGCCACAC,female,5,100901822877649,100924694022170
Thread-111, 69, 22911637379,1, 0, 1, AATTTGTTGA,male,4,100902346624239,100925258261618
Thread-113, 69, 22877471815,1, 0, 1, GATGCTCCCC,female,4,100903216629146,100926094100961
Thread-123, 69, 20916547553,1, 0, 0, GGGGACGTTG,female,4,100905540218315,100926456765868
Thread-133, 49, 14877122469,0, 0, 0, GGGTTTCCGC,female,6,100912383475617,100927260598086
Thread-119, 69, 22902696511,1, 0, 1, AAGCCCAACA,female,4,100904538356324,100927441052835
Thread-28, 160, 57169703601,3, 0, 4, CGCCTCCCAC,male,5,100870788942613,100927958646214
Thread-79, 160, 57263789563,3, 0, 4, GATGCACCGC,male,5,100870792832778,100928056622341
Thread-136, 49, 14809655427,0, 0, 0, TGCCTCGGCG,male,2,100913848144187,100928657799614
Thread-117, 69, 24874951397,1, 0, 2, TGGTTTCCCC,male,6,100904119796977,100928994748374
Thread-137, 49, 14816875228,0, 0, 0, GATTTACCGC,male,5,100914346830294,100929163705522
Thread-101, 69, 28956236325,1, 0, 4, GGGTTTCCGC,male,6,100900304317156,100929260553481
Thread-107, 89, 28938438668,2, 0, 1, GAAGATCTCG,female,4,100901523753696,100930462192364
Thread-132, 69, 20915873337,1, 0, 0, GCTTTGTCTG,male,5,100910111385455,100931027258792
Thread-141, 49, 14860461665,0, 0, 0, GCAGCTCCCC,male,4,100917153016743,100932013478408
Thread-142, 49, 14814650076,0, 0, 0, GTTCGTGACT,male,6,100917651576928,100932466227004
Thread-130, 69, 22902668484,1, 0, 1, CGACTCCCAC,female,7,100909563924050,100932466592534
Thread-143, 49, 14879244593,0, 0, 0, TGGCTTCCCC,female,6,100918249933387,100933129177980
Thread-145, 49, 14946846242,0, 0, 0, TGAGATCCAC,female,9,100919188447845,100934135294087
Thread-147, 49, 14904839556,0, 0, 0, CATAGTTACT,male,7,100920155930716,100935060770272
Thread-120, 69, 30921625494,1, 0, 5, CGAGATCCAC,male,10,100904741022716,100935662648210
Thread-138, 69, 20928823978,1, 0, 0, GAATGTTTCG,male,4,100915433349478,100936362173456
Thread-148, 49, 14889603369,0, 0, 0, AATTTGTCGA,female,4,100922656009072,100937545612441
Thread-149, 49, 14957177780,0, 0, 0, GGTTTTCCGC,male,6,100922708383613,100937665561393
Thread-135, 69, 24990717286,1, 0, 2, TGTTCTCCAC,female,9,100913076592254,100938067309540
Thread-139, 69, 22931700451,1, 0, 1, CGCCATCCAC,female,9,100916270658438,100939202358889
Thread-152, 49, 14939616573,0, 0, 0, AAGCCCCCCA,male,5,100924278383506,100939218000079
Thread-140, 69, 23024631797,1, 0, 1, AAGCCCCCCA,female,5,100916351152700,100939375784497
Thread-125, 89, 33012283135,2, 0, 3, GGGTTTCCGC,male,8,100907067015853,100940079298988
Thread-153, 49, 14857558744,0, 0, 0, TAGCCCAACC,female,8,100925243300960,100940100859704
Thread-144, 69, 20959676881,1, 0, 0, GCAGGTGCCC,male,6,100919156870593,100940116547474
Thread-129, 89, 31076201067,2, 0, 2, CCAGGTGCCC,female,4,100909341566826,100940417767893
Thread-131, 89, 31002638050,2, 0, 2, CCAATTGACT,female,7,100910064476489,100941067114539
Thread-154, 49, 14869917669,0, 0, 0, CCAGGTCCGC,male,7,100928141350193,100943011267862
Thread-155, 49, 14871488341,0, 0, 0, CCAGGTGACT,female,7,100928742004041,100943613492382
Thread-150, 69, 24965436537,1, 0, 2, CGAGCCACAC,male,12,100922708972171,100947674408708
Thread-157, 49, 14864545253,0, 0, 0, TAATGTTTCG,female,9,100933945429124,100948809974377
Thread-159, 49, 14848836167,0, 0, 0, GGGGGTGCCC,female,4,100934761808163,100949610644330
Thread-151, 69, 26856029126,1, 0, 3, AAGCCCCCAC,male,12,100923556266877,100950412296003
Thread-161, 49, 14847947212,0, 0, 0, GAGCCCCCCA,female,7,100936564200368,100951412147580
Thread-162, 49, 14846442857,0, 0, 0, GGGTTTCCGC,female,8,100937166630942,100952013073799
Thread-163, 49, 14816982202,0, 0, 0, CGAGCCACCA,female,12,100937499451113,100952316433315
Thread-124, 129, 47085724571,4, 0, 4, GATTTTCCGC,female,8,100906131222341,100953216946912
Thread-165, 49, 14813324539,0, 0, 0, TATGCCACAC,female,6,100941405575943,100956218900482
Thread-156, 69, 26952857348,1, 0, 3, AAGGATCCAC,male,13,100929862924449,100956815781797
Thread-166, 49, 14796035701,0, 0, 0, AAGCCCCCAC,female,12,100942224175792,100957020211493
Thread-134, 129, 45120323561,4, 0, 3, TATTTTCCGC,male,8,100912898746738,100958019070299
Thread-160, 69, 22922149708,1, 0, 1, AAGCATCCAC,female,12,100935498648606,100958420798314
Thread-167, 49, 14780281220,0, 0, 0, AAGCCCCCAC,female,11,100943842019002,100958622300222
Thread-158, 69, 24861237330,1, 0, 2, CGAGATCCAC,female,13,100934266914326,100959128151656
Thread-168, 49, 14720956487,0, 0, 0, GGCCCTCCGC,male,8,100944898823318,100959619779805
Thread-169, 49, 14741484169,0, 0, 0, CGAGCCACAC,male,13,100945081078477,100959822562646
Thread-170, 49, 14884398718,0, 0, 0, TATTTTCCGC,male,7,100945536114199,100960420512917
Thread-164, 69, 22902159664,1, 0, 1, CGCCCCCCAC,female,13,100938417206572,100961319366236
Thread-173, 49, 14792731726,0, 0, 0, TATGATCCAC,female,13,100952413652725,100967206384451
Thread-171, 69, 22819760385,1, 0, 1, CGAGATCCAC,male,13,100947909363279,100970729123664
Thread-146, 169, 51172380730,6, 0, 0, CTAATTGACC,male,3,100919657916063,100970830296793
Thread-175, 49, 14828560726,0, 0, 0, CGAGATCCAC,male,13,100956399583785,100971228144511
Thread-176, 49, 14809336872,0, 0, 0, CGGGATCCAC,female,13,100956519296683,100971328633555
Thread-172, 69, 22899059373,1, 0, 1, AAGCCCCCAC,male,13,100948563563652,100971462623025
Thread-174, 69, 24820966711,1, 0, 2, TACCCCCCAC,male,10,100954817759840,100979638726551
Thread-177, 69, 22879152619,1, 0, 1, TACCCCCCAC,male,10,100957222355644,100980101508263
Thread-180, 49, 14781856630,0, 0, 0, CGGCCCCCAC,female,14,100970724785073,100985506641703
Thread-179, 69, 22851090135,1, 0, 1, TGAGCCCCAC,female,11,100965859450734,100988710540869
Thread-178, 69, 26887709404,1, 0, 3, CGGCCCCCAC,male,16,100963726230218,100990613939622
Thread-185, 49, 14820315785,0, 0, 0, TACCCCCCAC,male,11,100977494853967,100992315169752
Thread-186, 49, 14818167213,0, 0, 0, TGGCCCCCAC,male,12,100980402432626,100995220599839
Thread-188, 49, 14717793828,0, 0, 0, TGGCCCCCAC,male,13,100984505084847,100999222878675
Thread-181, 89, 26836876720,2, 0, 0, CGAGCCCCAC,female,15,100973634840333,101000471717053
Thread-189, 49, 14762506459,0, 0, 0, CGGCCCCCAC,male,18,100986709897837,101001472404296
Thread-184, 69, 24794660426,1, 0, 2, TGACCCCCAC,male,13,100977062177127,101001856837553
Thread-190, 49, 14777532249,0, 0, 0, TACCCCCCAC,male,14,100987708483482,101002486015731
Thread-192, 49, 14780040034,0, 0, 0, TACCCCCCAC,male,12,100990616141879,101005396181913
Thread-182, 69, 30858643885,1, 0, 5, TACCCCCCAC,male,15,100975691317805,101006549961690
Thread-194, 49, 14841382286,0, 0, 0, CGGCCCCCAC,female,18,100993513896240,101008355278526
Thread-195, 49, 14789874595,0, 0, 0, CGACCCCCAC,male,20,100993716091707,101008505966302
Thread-187, 69, 24847069704,1, 0, 2, CGGCCCCCAC,male,19,100983808419890,101008655489594
Thread-183, 69, 32816218380,1, 0, 6, CGGCCCCCAC,male,22,100976845321794,101009661540174
Thread-196, 49, 14844365338,0, 0, 0, TGACCCCCAC,female,13,100995922744582,101010767109920
Thread-198, 49, 14829855868,0, 0, 0, CGACCCCCAC,male,20,100999556369115,101014386224983
Thread-199, 49, 14841087415,0, 0, 0, CGGCCCCCAC,female,19,100999723592563,101014564679978
Thread-200, 49, 14878278269,0, 0, 0, CGGCCCCCAC,female,22,101000725128497,101015603406766
Thread-191, 69, 26895557632,1, 0, 3, CGACCCCCAC,male,22,100989611912631,101016507470263
Thread-197, 69, 20785893244,1, 0, 0, CGGCCCCCAC,female,21,100996620718103,101017406611347
Thread-201, 49, 14796135966,0, 0, 0, CGACCCCCAC,female,21,101003674597789,101018470733755
Thread-202, 49, 14781844393,0, 0, 0, TACCCCCCAC,male,16,101006599386336,101021381230729
Thread-193, 89, 30967375502,2, 0, 2, TACCCCCCAC,male,17,100991815206265,101022782581767
Thread-203, 69, 22810697936,1, 0, 1, CGGCCCCCAC,female,23,101007503754572,101030314452508
Thread-206, 49, 14761762373,0, 0, 0, CGACCCCCAC,male,24,101022292265734,101037054028107
Thread-205, 69, 20878914590,1, 0, 0, TAACCCCCAC,male,17,101016206418793,101037085333383
Thread-204, 69, 22793648312,1, 0, 1, CGACCCCCAC,female,24,101015069394164,101037863042476
